,year,per capital income
0,2020,41288.69409441762
1,2021,42117.15916964039
